ID,Description,FormUpTime,FormUpAltitude,CruiseAltitudeIngress,CruiseAltitudeIngressTerrainFollowing,CruiseAltitudeEgress,CruiseAltitudeEgressTerrainFollowing,CruiseThrottleSettingIngress,CruiseThrottleSettingEgress,CruiseOneWayOnly,CruiseAtOptimumAltitude,AttackAltitudeEgress,AttackAltitudeEgressTerrainFollowing,AttackAltitudeIngress,AttackAltitudeIngressTerrainFollowing,AttackThrottleSetting,AttackDistanceIngress,AttackDistanceEgress,DropBombsAtMaxRange,StationAltitude,StationAltitudeTerrainFollowing,StationThrottleSetting,CombatAltitude,CombatThrottleSetting,CombatDuration,ReservePercentage,ReserveLoiterTime,ReserveLoiterAltitude
1001,n/a,0.0,0.0,0.0,0,0.0,0,2.0,2.0,0,0,0.0,0,0.0,0,0.0,0.0,0.0,0,0.0,0,0.0,0.0,0.0,0.0,0.0,0.0,0.0
2011,CAP. Transit at 25k ft, on-station loiter, 2 minutes combat in Mil. Form-up 2 min at 2k ft. 10% reserves.,2.0,2000.0,25000.0,0,25000.0,0,2.0,2.0,0,0,0.0,0,0.0,0,0.0,0.0,0.0,0,25000.0,0,1.0,25000.0,3.0,2.0,10.0,0.0,0.0
2012,CAP. Transit at 25k ft, on-station loiter, 2 minutes combat in Mil. Form-up 2 min at 2k ft. 5% reserves and 20 minute loiter at 2k ft,2.0,2000.0,25000.0,0,25000.0,0,2.0,2.0,0,0,0.0,0,0.0,0,0.0,0.0,0.0,0,25000.0,0,1.0,25000.0,3.0,2.0,5.0,20.0,2000.0
2014,CAP. Transit at 25k ft, on-station loiter, 2 minutes combat in Mil. Form-up 2 min at 2k ft. 5% reserves and 10 minute loiter at 2k ft,2.0,2000.0,25000.0,0,25000.0,0,2.0,2.0,0,0,0.0,0,0.0,0,0.0,0.0,0.0,0,25000.0,0,1.0,25000.0,3.0,2.0,5.0,10.0,2000.0
2016,CAP. Transit at 36k ft, on-station loiter, 2 minutes combat in AB. Form-up 2 min at 2k ft. 10% reserves.,2.0,2000.0,36000.0,0,36000.0,0,2.0,2.0,0,0,0.0,0,0.0,0,0.0,0.0,0.0,0,36000.0,0,1.0,36000.0,4.0,2.0,10.0,0.0,0.0
2017,CAP. Transit at 36k ft, on-station loiter, 2 minutes combat in AB. Form-up 2 min at 2k ft. 5% reserves and 20 minute loiter at 2k ft,2.0,2000.0,36000.0,0,36000.0,0,2.0,2.0,0,0,0.0,0,0.0,0,0.0,0.0,0.0,0,36000.0,0,1.0,36000.0,4.0,2.0,5.0,20.0,2000.0
2019,CAP. Transit at 36k ft, on-station loiter, 2 minutes combat in AB. Form-up 2 min at 2k ft. 5% reserves and 10 minute loiter at 2k ft,2.0,2000.0,36000.0,0,36000.0,0,2.0,2.0,0,0,0.0,0,0.0,0,0.0,0.0,0.0,0,36000.0,0,1.0,36000.0,4.0,2.0,5.0,10.0,2000.0
2021,CAP. Transit at 36k ft, on-station loiter, 2 minutes combat in Mil. Form-up 2 min at 2k ft. 10% reserves.,2.0,2000.0,36000.0,0,36000.0,0,2.0,2.0,0,0,0.0,0,0.0,0,0.0,0.0,0.0,0,36000.0,0,1.0,36000.0,3.0,2.0,10.0,0.0,0.0
2022,CAP. Transit at 36k ft, on-station loiter, 2 minutes combat in Mil. Form-up 2 min at 2k ft. 5% reserves and 20 minute loiter at 2k ft,2.0,2000.0,36000.0,0,36000.0,0,2.0,2.0,0,0,0.0,0,0.0,0,0.0,0.0,0.0,0,36000.0,0,1.0,36000.0,3.0,2.0,5.0,20.0,2000.0
2024,CAP. Transit at 36k ft, on-station loiter, 2 minutes combat in Mil. Form-up 2 min at 2k ft. 5% reserves and 10 minute loiter at 2k ft,2.0,2000.0,36000.0,0,36000.0,0,2.0,2.0,0,0,0.0,0,0.0,0,0.0,0.0,0.0,0,36000.0,0,1.0,36000.0,3.0,2.0,5.0,10.0,2000.0
2025,CAP. Transit at 50k ft, on-station loiter, 2 minutes combat in Mil. Form-up 2 min at 2k ft. 10% reserves.,2.0,2000.0,50000.0,0,50000.0,0,2.0,2.0,0,0,0.0,0,0.0,0,0.0,0.0,0.0,0,50000.0,0,1.0,50000.0,3.0,2.0,10.0,0.0,0.0
2026,CAP. Transit at 50k ft, on-station loiter, 2 minutes combat in Mil. Form-up 2 min at 2k ft. 5% reserves and 20 minute loiter at 2k ft,2.0,2000.0,50000.0,0,50000.0,0,2.0,2.0,0,0,0.0,0,0.0,0,0.0,0.0,0.0,0,50000.0,0,1.0,50000.0,3.0,2.0,5.0,20.0,2000.0
2027,CAP. Transit at 50k ft, on-station loiter, 2 minutes combat in Mil. Form-up 2 min at 2k ft. 5% reserves and 10 minute loiter at 2k ft,2.0,2000.0,50000.0,0,50000.0,0,2.0,2.0,0,0,0.0,0,0.0,0,0.0,0.0,0.0,0,50000.0,0,1.0,50000.0,3.0,2.0,5.0,10.0,2000.0
2028,CAP. Transit at 55k ft, on-station loiter, 2 minutes combat in Mil. Form-up 2 min at 2k ft. 10% reserves.,2.0,2000.0,55000.0,0,55000.0,0,2.0,2.0,0,0,0.0,0,0.0,0,0.0,0.0,0.0,0,55000.0,0,1.0,55000.0,3.0,2.0,10.0,0.0,0.0
2029,CAP. Transit at 55k ft, on-station loiter, 2 minutes combat in Mil. Form-up 2 min at 2k ft. 5% reserves and 20 minute loiter at 2k ft,2.0,2000.0,55000.0,0,55000.0,0,2.0,2.0,0,0,0.0,0,0.0,0,0.0,0.0,0.0,0,55000.0,0,1.0,55000.0,3.0,2.0,5.0,20.0,2000.0
2030,CAP. Transit at 55k ft, on-station loiter, 2 minutes combat in Mil. Form-up 2 min at 2k ft. 5% reserves and 10 minute loiter at 2k ft,2.0,2000.0,55000.0,0,55000.0,0,2.0,2.0,0,0,0.0,0,0.0,0,0.0,0.0,0.0,0,55000.0,0,1.0,55000.0,3.0,2.0,5.0,10.0,2000.0
2031,Intercept radius. Outbound at 36k ft and AB, return at 36k ft and cruise. No form-up time. 10% reserves.,0.0,0.0,36000.0,0,36000.0,0,4.0,2.0,0,0,0.0,0,0.0,0,0.0,0.0,0.0,0,0.0,0,0.0,0.0,0.0,0.0,10.0,0.0,0.0
2032,Intercept radius. Outbound at 36k ft and AB, return at 36k ft and cruise. No form-up time. 5% reserves and 20 minute loiter at 2k ft,0.0,0.0,36000.0,0,36000.0,0,4.0,2.0,0,0,0.0,0,0.0,0,0.0,0.0,0.0,0,0.0,0,0.0,0.0,0.0,0.0,5.0,20.0,2000.0
2036,Intercept radius. Outbound at 36k ft and Mil, return at 36k ft and cruise. No form-up time. 10% reserves.,0.0,0.0,36000.0,0,36000.0,0,3.0,2.0,0,0,0.0,0,0.0,0,0.0,0.0,0.0,0,0.0,0,0.0,0.0,0.0,0.0,10.0,0.0,0.0
2037,Intercept radius. Outbound at 36k ft and Mil, return at 36k ft and cruise. No form-up time. 5% reserves and 20 minute loiter at 2k ft,0.0,0.0,36000.0,0,36000.0,0,3.0,2.0,0,0,0.0,0,0.0,0,0.0,0.0,0.0,0,0.0,0,0.0,0.0,0.0,0.0,5.0,20.0,2000.0
2038,Intercept radius. Outbound at 15k ft and Mil, return at 15k ft and cruise. No form-up time. 10% reserves.,0.0,0.0,15000.0,0,15000.0,0,2.0,2.0,0,0,0.0,0,0.0,0,0.0,0.0,0.0,0,0.0,0,0.0,0.0,0.0,0.0,10.0,0.0,0.0
2039,Intercept radius. Outbound at 15k ft and Mil, return at 15k ft and cruise. No form-up time. 5% reserves and 20 minute loiter at 2k ft,0.0,0.0,15000.0,0,15000.0,0,2.0,2.0,0,0,0.0,0,0.0,0,0.0,0.0,0.0,0,0.0,0,0.0,0.0,0.0,0.0,5.0,20.0,2000.0
2041,Intercept radius. Outbound at 40k ft and AB, return at 40k ft and cruise. No form-up time. 10% reserves.,0.0,0.0,40000.0,0,40000.0,0,4.0,2.0,0,0,0.0,0,0.0,0,0.0,0.0,0.0,0,0.0,0,0.0,0.0,0.0,0.0,10.0,0.0,0.0
2042,Intercept radius. Outbound at 40k ft and AB, return at 40k ft and cruise. No form-up time. 5% reserves and 20 minute loiter at 2k ft,0.0,0.0,40000.0,0,40000.0,0,4.0,2.0,0,0,0.0,0,0.0,0,0.0,0.0,0.0,0,0.0,0,0.0,0.0,0.0,0.0,5.0,20.0,2000.0
2051,Fighter Sweep radius. Cruise at 36k ft. Form-up 2 min at 2k ft. 10% reserves.,2.0,2000.0,36000.0,0,36000.0,0,2.0,2.0,0,0,0.0,0,0.0,0,0.0,0.0,0.0,0,0.0,0,0.0,0.0,0.0,0.0,10.0,0.0,0.0
2052,Fighter Sweep radius. Cruise at 36k ft. Form-up 2 min at 2k ft. 5% reserves and 20 minute loiter at 2k ft,2.0,2000.0,36000.0,0,36000.0,0,2.0,2.0,0,0,0.0,0,0.0,0,0.0,0.0,0.0,0,0.0,0,0.0,0.0,0.0,0.0,5.0,20.0,2000.0
3001,Strike radius, Lo-Lo-Lo profile. Cruise at SL. Weapon release at max range. No form-up time. 10% reserves.,0.0,0.0,200.0,1,200.0,1,2.0,2.0,0,0,0.0,0,0.0,0,0.0,0.0,0.0,1,0.0,0,0.0,0.0,0.0,0.0,10.0,0.0,0.0
3002,Strike radius, Lo-Lo-Lo profile. Cruise at SL. Weapon release at max range. No form-up time. 5% reserves and 20 minute loiter at 2k ft,0.0,0.0,200.0,1,200.0,1,2.0,2.0,0,0,0.0,0,0.0,0,0.0,0.0,0.0,1,0.0,0,0.0,0.0,0.0,0.0,5.0,20.0,2000.0
3006,Strike radius, Lo-Lo-Lo profile. Cruise at SL. Weapon release at max range. Form-up 10 min at 2k ft. 10% reserves.,10.0,2000.0,200.0,1,200.0,1,2.0,2.0,0,0,0.0,0,0.0,0,0.0,0.0,0.0,1,0.0,0,0.0,0.0,0.0,0.0,10.0,0.0,0.0
3007,Strike radius, Lo-Lo-Lo profile. Cruise at SL. Weapon release at max range. Form-up 10 min at 2k ft. 5% reserves and 20 minute loiter at 2k ft,10.0,2000.0,200.0,1,200.0,1,2.0,2.0,0,0,0.0,0,0.0,0,0.0,0.0,0.0,1,0.0,0,0.0,0.0,0.0,0.0,5.0,20.0,2000.0
3011,Strike radius, Lo-Lo-Lo profile. Cruise at SL. 100nm (50nm+50nm) dash on target at SL and Mil. Weapon release at max range. Form-up 10 min at 2k ft. 10% reserves.,10.0,2000.0,200.0,1,200.0,1,2.0,2.0,0,0,200.0,1,200.0,1,3.0,50.0,50.0,1,0.0,0,0.0,0.0,0.0,0.0,10.0,0.0,0.0
3012,Strike radius, Lo-Lo-Lo profile. Cruise at SL. 100nm (50nm+50nm) dash on target at SL and Mil. Weapon release at max range. Form-up 10 min at 2k ft. 5% reserves and 20 minute loiter at 2k ft,10.0,2000.0,200.0,1,200.0,1,2.0,2.0,0,0,200.0,1,200.0,1,3.0,50.0,50.0,1,0.0,0,0.0,0.0,0.0,0.0,5.0,20.0,2000.0
3014,Strike radius, Lo-Lo-Lo profile. Cruise at SL. 60nm (30nm+30nm) dash on target at SL and Mil. Weapon release at max range. Form-up 10 min at 2k ft. 10% reserves.,10.0,2000.0,200.0,1,200.0,1,2.0,2.0,0,0,200.0,1,200.0,1,3.0,30.0,30.0,1,0.0,0,0.0,0.0,0.0,0.0,10.0,0.0,0.0
3015,Strike radius, Lo-Lo-Lo profile. Cruise at SL. 60nm (30nm+30nm) dash on target at SL and Mil. Weapon release at max range. Form-up 10 min at 2k ft. 5% reserves and 20 minute loiter at 2k ft,10.0,2000.0,200.0,1,200.0,1,2.0,2.0,0,0,200.0,1,200.0,1,3.0,30.0,30.0,1,0.0,0,0.0,0.0,0.0,0.0,5.0,20.0,2000.0
3017,Strike radius, Lo-Lo-Hi profile. Ingress Cruise at SL. 30nm (15nm+15nm) dash on target at SL and AB. Egress Cruise at 36k ft. Weapon release at max range. Form-up 10 min at 2k ft. 5% reserves and 20 minute loiter at 2k ft. (F-111A profile),10.0,2000.0,200.0,1,36000.0,0,2.0,2.0,0,0,200.0,1,200.0,1,4.0,15.0,15.0,1,0.0,0,0.0,0.0,0.0,0.0,5.0,20.0,2000.0
3101,Strike radius, Med-Med-Med profile. Cruise at 12k ft. Weapon release at max range. Form-up 10 min at 2k ft. 10% reserves.,10.0,2000.0,12000.0,0,12000.0,0,2.0,2.0,0,0,0.0,0,0.0,0,0.0,0.0,0.0,1,0.0,0,0.0,0.0,0.0,0.0,10.0,0.0,0.0
3102,Strike radius, Med-Med-Med profile. Cruise at 12k ft. Weapon release at max range. Form-up 10 min at 2k ft. 5% reserves and 20 minute loiter at 2k ft,10.0,2000.0,12000.0,0,12000.0,0,2.0,2.0,0,0,0.0,0,0.0,0,0.0,0.0,0.0,1,0.0,0,0.0,0.0,0.0,0.0,5.0,20.0,2000.0
3106,Strike radius, Med-Med-Med profile. Cruise at 12k ft. 100nm (50nm+50nm) dash on target at 12k ft and Mil. Weapon release at max range. Form-up 10 min at 2k ft. 10% reserves.,10.0,2000.0,12000.0,0,12000.0,0,2.0,2.0,0,0,12000.0,0,12000.0,0,3.0,50.0,50.0,1,0.0,0,0.0,0.0,0.0,0.0,10.0,0.0,0.0
3107,Strike radius, Med-Med-Med profile. Cruise at 12k ft. 100nm (50nm+50nm) dash on target at 12k ft and Mil. Weapon release at max range. Form-up 10 min at 2k ft. 5% reserves and 20 minute loiter at 2k ft,10.0,2000.0,12000.0,0,12000.0,0,2.0,2.0,0,0,12000.0,0,12000.0,0,3.0,50.0,50.0,1,0.0,0,0.0,0.0,0.0,0.0,5.0,20.0,2000.0
3201,Strike radius, Hi-Lo-Hi profile. Cruise at 25k ft. 100nm (50nm+50nm) dash on target at SL and Cruise. Weapon release at max range. Form-up 10 min at 2k ft. 10% reserves.,10.0,2000.0,25000.0,0,25000.0,0,2.0,2.0,0,0,200.0,1,200.0,1,2.0,50.0,50.0,1,0.0,0,0.0,0.0,0.0,0.0,10.0,0.0,0.0
3202,Strike radius, Hi-Lo-Hi profile. Cruise at 25k ft. 100nm (50nm+50nm) dash on target at SL and Cruise. Weapon release at max range. Form-up 10 min at 2k ft. 5% reserves and 20 minute loiter at 2k ft,10.0,2000.0,25000.0,0,25000.0,0,2.0,2.0,0,0,200.0,1,200.0,1,2.0,50.0,50.0,1,0.0,0,0.0,0.0,0.0,0.0,5.0,20.0,2000.0
3203,Strike radius, Hi-Lo-Hi profile. Cruise at 25k ft. 100nm (50nm+50nm) dash on target at SL and Cruise. Weapon release at max range. Form-up 10 min at 2k ft. 5% reserves and 30 minute loiter at 2k ft,10.0,2000.0,25000.0,0,25000.0,0,2.0,2.0,0,0,200.0,1,200.0,1,2.0,50.0,50.0,1,0.0,0,0.0,0.0,0.0,0.0,5.0,30.0,2000.0
3206,Strike radius, Hi-Lo-Hi profile. Cruise at 25k ft. 100nm (50nm+50nm) dash on target at SL and Mil. Weapon release at max range. Form-up 10 min at 2k ft. 10% reserves.,10.0,2000.0,25000.0,0,25000.0,0,2.0,2.0,0,0,200.0,1,200.0,1,3.0,50.0,50.0,1,0.0,0,0.0,0.0,0.0,0.0,10.0,0.0,0.0
3207,Strike radius, Hi-Lo-Hi profile. Cruise at 25k ft. 100nm (50nm+50nm) dash on target at SL and Mil. Weapon release at max range. Form-up 10 min at 2k ft. 5% reserves and 20 minute loiter at 2k ft,10.0,2000.0,25000.0,0,25000.0,0,2.0,2.0,0,0,200.0,1,200.0,1,3.0,50.0,50.0,1,0.0,0,0.0,0.0,0.0,0.0,5.0,20.0,2000.0
3208,Strike radius, Hi-Lo-Hi profile. Cruise at 25k ft. 100nm (50nm+50nm) dash on target at SL and Mil. Weapon release at max range. Form-up 10 min at 2k ft. 5% reserves and 30 minute loiter at 2k ft,10.0,2000.0,25000.0,0,25000.0,0,2.0,2.0,0,0,200.0,1,200.0,1,3.0,50.0,50.0,1,0.0,0,0.0,0.0,0.0,0.0,5.0,30.0,2000.0
3211,Strike radius, Hi-Lo-Hi profile. Cruise at 36k ft. 100nm (50nm+50nm) dash on target at SL and Cruise. Weapon release at max range. Form-up 10 min at 2k ft. 10% reserves.,10.0,2000.0,36000.0,0,36000.0,0,2.0,2.0,0,0,200.0,1,200.0,1,2.0,50.0,50.0,1,0.0,0,0.0,0.0,0.0,0.0,10.0,0.0,0.0
3212,Strike radius, Hi-Lo-Hi profile. Cruise at 36k ft. 100nm (50nm+50nm) dash on target at SL and Cruise. Weapon release at max range. Form-up 10 min at 2k ft. 5% reserves and 20 minute loiter at 2k ft,10.0,2000.0,36000.0,0,36000.0,0,2.0,2.0,0,0,200.0,1,200.0,1,2.0,50.0,50.0,1,0.0,0,0.0,0.0,0.0,0.0,5.0,20.0,2000.0
3213,Strike radius, Hi-Lo-Hi profile. Cruise at 36k ft. 100nm (50nm+50nm) dash on target at SL and Cruise. Weapon release at max range. Form-up 10 min at 2k ft. 5% reserves and 30 minute loiter at 2k ft,10.0,2000.0,36000.0,0,36000.0,0,2.0,2.0,0,0,200.0,1,200.0,1,2.0,50.0,50.0,1,0.0,0,0.0,0.0,0.0,0.0,5.0,30.0,2000.0
3216,Strike radius, Hi-Lo-Hi profile. Cruise at 36k ft. 100nm (50nm+50nm) dash on target at SL and Mil. Weapon release at max range. Form-up 10 min at 2k ft. 10% reserves.,10.0,2000.0,36000.0,0,36000.0,0,2.0,2.0,0,0,200.0,1,200.0,1,3.0,50.0,50.0,1,0.0,0,0.0,0.0,0.0,0.0,10.0,0.0,0.0
3217,Strike radius, Hi-Lo-Hi profile. Cruise at 36k ft. 100nm (50nm+50nm) dash on target at SL and Mil. Weapon release at max range. Form-up 10 min at 2k ft. 5% reserves and 20 minute loiter at 2k ft,10.0,2000.0,36000.0,0,36000.0,0,2.0,2.0,0,0,200.0,1,200.0,1,3.0,50.0,50.0,1,0.0,0,0.0,0.0,0.0,0.0,5.0,20.0,2000.0
3218,Strike radius, Hi-Lo-Hi profile. Cruise at 36k ft. 100nm (50nm+50nm) dash on target at SL and Mil. Weapon release at max range. Form-up 10 min at 2k ft. 5% reserves and 30 minute loiter at 2k ft,10.0,2000.0,36000.0,0,36000.0,0,2.0,2.0,0,0,200.0,1,200.0,1,3.0,50.0,50.0,1,0.0,0,0.0,0.0,0.0,0.0,5.0,30.0,2000.0
3220,Strike radius, Hi-Lo-Hi profile. Cruise at 25k ft. 200nm (100nm+100nm) dash on target at SL and Cruise. Weapon release at max range. No form-up time. 5% reserves and 10 minute loiter at 2k ft (AV-8A),0.0,0.0,25000.0,0,25000.0,0,2.0,2.0,0,0,200.0,1,200.0,1,2.0,100.0,100.0,1,0.0,0,0.0,0.0,0.0,0.0,5.0,10.0,0.0
3221,Strike radius, Hi-Lo-Hi profile. Cruise at 36k ft. 200nm (100nm+100nm) dash on target at SL and Cruise. Weapon release at max range. No form-up time. 5% reserves and 10 minute loiter at 2k ft (AV-8A),0.0,0.0,36000.0,0,36000.0,0,2.0,2.0,0,0,200.0,1,200.0,1,2.0,100.0,100.0,1,0.0,0,0.0,0.0,0.0,0.0,5.0,10.0,0.0
3222,Strike radius, Hi-Lo-Hi profile. Cruise at 36k ft. 600nm (300nm+300nm) dash on target at SL and Cruise. Weapon release at max range. Form-up 10 min at 2k ft. 5% reserves and 20 minute loiter at 2k ft (A-6E),10.0,2000.0,36000.0,0,36000.0,0,2.0,2.0,0,0,200.0,1,200.0,1,2.0,300.0,300.0,1,0.0,0,0.0,0.0,0.0,0.0,5.0,20.0,2000.0
3223,Strike radius, Hi-Lo-Hi profile. Cruise at 36k ft. 1400nm (700nm+700nm) dash on target at SL and Cruise. Weapon release at max range. Form-up 10 min at 2k ft. 5% reserves and 30 minute loiter at 2k ft (B-52),10.0,2000.0,36000.0,0,36000.0,0,2.0,2.0,0,0,200.0,1,200.0,1,2.0,700.0,700.0,1,0.0,0,0.0,0.0,0.0,0.0,5.0,30.0,2000.0
3224,Strike radius, Hi-Lo-Hi profile. Cruise at 36k ft. 50nm (25nm+25nm) dash on target at SL and Mil. Weapon release at max range. Form-up 10 min at 2k ft. 5% reserves and 20 minute loiter at 2k ft (A-6E),10.0,2000.0,36000.0,0,36000.0,0,2.0,2.0,0,0,200.0,1,200.0,1,3.0,25.0,25.0,1,0.0,0,0.0,0.0,0.0,0.0,5.0,20.0,2000.0
3225,Strike radius, Hi-Lo-Hi profile. Cruise at 36k ft. 50nm (25nm+25nm) dash on target at SL and Mil. Weapon release at max range. No form-up. 5% reserves and 20 minute loiter at 2k ft (F-20A),0.0,0.0,36000.0,0,36000.0,0,2.0,2.0,0,0,200.0,1,200.0,1,3.0,25.0,25.0,1,0.0,0,0.0,0.0,0.0,0.0,5.0,20.0,2000.0
3226,Strike radius, Hi-Med-Hi profile. Cruise at 25k ft. 100nm (50nm+50nm) dash on target at 12k ft and Cruise. Weapon release at max range. Form-up 10 min at 2k ft. 10% reserves.,10.0,2000.0,25000.0,0,25000.0,0,2.0,2.0,0,0,12000.0,0,12000.0,0,2.0,50.0,50.0,1,0.0,0,0.0,0.0,0.0,0.0,10.0,0.0,0.0
3227,Strike radius, Hi-Med-Hi profile. Cruise at 25k ft. 100nm (50nm+50nm) dash on target at 12k ft and Cruise. Weapon release at max range. Form-up 10 min at 2k ft. 5% reserves and 20 minute loiter at 2k ft,10.0,2000.0,25000.0,0,25000.0,0,2.0,2.0,0,0,12000.0,0,12000.0,0,2.0,50.0,50.0,1,0.0,0,0.0,0.0,0.0,0.0,5.0,20.0,2000.0
3228,Strike radius, Hi-Med-Hi profile. Cruise at 25k ft. 100nm (50nm+50nm) dash on target at 10k ft and Cruise. Weapon release at max range. Form-up 10 min at 2k ft. 10% reserves.,10.0,2000.0,25000.0,0,25000.0,0,2.0,2.0,0,0,10000.0,0,10000.0,0,2.0,50.0,50.0,1,0.0,0,0.0,0.0,0.0,0.0,10.0,0.0,0.0
3229,Strike radius, Hi-Med-Hi profile. Cruise at 25k ft. 100nm (50nm+50nm) dash on target at 10k ft and Cruise. Weapon release at max range. Form-up 10 min at 2k ft. 5% reserves and 20 minute loiter at 2k ft,10.0,2000.0,25000.0,0,25000.0,0,2.0,2.0,0,0,10000.0,0,10000.0,0,2.0,50.0,50.0,1,0.0,0,0.0,0.0,0.0,0.0,5.0,20.0,2000.0
3230,Strike radius, Hi-Med-Hi profile. Cruise at 25k ft. 100nm (50nm+50nm) dash on target at 10k ft and Cruise. Weapon release at max range. Form-up 10 min at 2k ft. 5% reserves and 30 minute loiter at 2k ft,10.0,2000.0,25000.0,0,25000.0,0,2.0,2.0,0,0,10000.0,0,10000.0,0,2.0,50.0,50.0,1,0.0,0,0.0,0.0,0.0,0.0,5.0,30.0,2000.0
3231,Strike radius, Hi-Med-Hi profile. Cruise at 36k ft. 100nm (50nm+50nm) dash on target at 12k ft and Cruise. Weapon release at max range. Form-up 10 min at 2k ft. 10% reserves.,10.0,2000.0,36000.0,0,36000.0,0,2.0,2.0,0,0,12000.0,0,12000.0,0,2.0,50.0,50.0,1,0.0,0,0.0,0.0,0.0,0.0,10.0,0.0,0.0
3232,Strike radius, Hi-Med-Hi profile. Cruise at 36k ft. 100nm (50nm+50nm) dash on target at 12k ft and Cruise. Weapon release at max range. Form-up 10 min at 2k ft. 5% reserves and 20 minute loiter at 2k ft,10.0,2000.0,36000.0,0,36000.0,0,2.0,2.0,0,0,12000.0,0,12000.0,0,2.0,50.0,50.0,1,0.0,0,0.0,0.0,0.0,0.0,5.0,20.0,2000.0
3236,Strike radius, Hi-Med-Hi profile. Cruise at 36k ft. 100nm (50nm+50nm) dash on target at 25k ft and Cruise. Weapon release at max range. Form-up 10 min at 2k ft. 10% reserves.,10.0,2000.0,36000.0,0,36000.0,0,2.0,2.0,0,0,25000.0,0,25000.0,0,2.0,50.0,50.0,1,0.0,0,0.0,0.0,0.0,0.0,10.0,0.0,0.0
3237,Strike radius, Hi-Med-Hi profile. Cruise at 36k ft. 100nm (50nm+50nm) dash on target at 25k ft and Cruise. Weapon release at max range. Form-up 10 min at 2k ft. 5% reserves and 20 minute loiter at 2k ft,10.0,2000.0,36000.0,0,36000.0,0,2.0,2.0,0,0,25000.0,0,25000.0,0,2.0,50.0,50.0,1,0.0,0,0.0,0.0,0.0,0.0,5.0,20.0,2000.0
3241,Strike radius, Hi-Hi-Hi profile. Cruise at 25k ft. Weapon release at max range. Form-up 10 min at 2k ft. 10% reserves.,10.0,2000.0,25000.0,0,25000.0,0,2.0,2.0,0,0,0.0,0,0.0,0,0.0,0.0,0.0,1,0.0,0,0.0,0.0,0.0,0.0,10.0,0.0,0.0
3242,Strike radius, Hi-Hi-Hi profile. Cruise at 25k ft. Weapon release at max range. Form-up 10 min at 2k ft. 5% reserves and 20 minute loiter at 2k ft,10.0,2000.0,25000.0,0,25000.0,0,2.0,2.0,0,0,0.0,0,0.0,0,0.0,0.0,0.0,1,0.0,0,0.0,0.0,0.0,0.0,5.0,20.0,2000.0
3243,Strike radius, Hi-Hi-Hi profile. Cruise at 25k ft. Weapon release at max range. Form-up 10 min at 2k ft. 5% reserves and 30 minute loiter at 2k ft,10.0,2000.0,25000.0,0,25000.0,0,2.0,2.0,0,0,0.0,0,0.0,0,0.0,0.0,0.0,1,0.0,0,0.0,0.0,0.0,0.0,5.0,30.0,2000.0
3246,Strike radius, Hi-Hi-Hi profile. Cruise at 25k ft. 100nm (50nm+50nm) dash on target at 25k ft and Mil. Weapon release at max range. Form-up 10 min at 2k ft. 10% reserves.,10.0,2000.0,25000.0,0,25000.0,0,2.0,2.0,0,0,25000.0,0,25000.0,0,3.0,50.0,50.0,1,0.0,0,0.0,0.0,0.0,0.0,10.0,0.0,0.0
3247,Strike radius, Hi-Hi-Hi profile. Cruise at 25k ft. 100nm (50nm+50nm) dash on target at 25k ft and Mil. Weapon release at max range. Form-up 10 min at 2k ft. 5% reserves and 20 minute loiter at 2k ft,10.0,2000.0,25000.0,0,25000.0,0,2.0,2.0,0,0,25000.0,0,25000.0,0,3.0,50.0,50.0,1,0.0,0,0.0,0.0,0.0,0.0,5.0,20.0,2000.0
3248,Strike radius, Hi-Hi-Hi profile. Cruise at 25k ft. 100nm (50nm+50nm) dash on target at 25k ft and Mil. Weapon release at max range. Form-up 10 min at 2k ft. 5% reserves and 30 minute loiter at 2k ft,10.0,2000.0,25000.0,0,25000.0,0,2.0,2.0,0,0,25000.0,0,25000.0,0,3.0,50.0,50.0,1,0.0,0,0.0,0.0,0.0,0.0,5.0,30.0,2000.0
3251,Strike radius, Hi-Hi-Hi profile. Cruise at 36k ft. Weapon release at max range. Weapon release at max range. Form-up 10 min at 2k ft. 10% reserves.,10.0,2000.0,36000.0,0,36000.0,0,2.0,2.0,0,0,0.0,0,0.0,0,0.0,0.0,0.0,1,0.0,0,0.0,0.0,0.0,0.0,10.0,0.0,0.0
3252,Strike radius, Hi-Hi-Hi profile. Cruise at 36k ft. Weapon release at max range. Weapon release at max range. Form-up 10 min at 2k ft. 5% reserves and 20 minute loiter at 2k ft,10.0,2000.0,36000.0,0,36000.0,0,2.0,2.0,0,0,0.0,0,0.0,0,0.0,0.0,0.0,1,0.0,0,0.0,0.0,0.0,0.0,5.0,20.0,2000.0
3253,Strike radius, Hi-Hi-Hi profile. Cruise at 36k ft. Weapon release at max range. Weapon release at max range. Form-up 10 min at 2k ft. 5% reserves and 30 minute loiter at 2k ft,10.0,2000.0,36000.0,0,36000.0,0,2.0,2.0,0,0,0.0,0,0.0,0,0.0,0.0,0.0,1,0.0,0,0.0,0.0,0.0,0.0,5.0,30.0,2000.0
3256,Strike radius, Hi-Hi-Hi profile. Cruise at 36k ft. 100nm (50nm+50nm) dash on target at 36k ft and Mil. Weapon release at max range. Form-up 10 min at 2k ft. 10% reserves.,10.0,2000.0,36000.0,0,36000.0,0,2.0,2.0,0,0,36000.0,0,36000.0,0,3.0,50.0,50.0,1,0.0,0,0.0,0.0,0.0,0.0,10.0,0.0,0.0
3257,Strike radius, Hi-Hi-Hi profile. Cruise at 36k ft. 100nm (50nm+50nm) dash on target at 36k ft and Mil. Weapon release at max range. Form-up 10 min at 2k ft. 5% reserves and 20 minute loiter at 2k ft,10.0,2000.0,36000.0,0,36000.0,0,2.0,2.0,0,0,36000.0,0,36000.0,0,3.0,50.0,50.0,1,0.0,0,0.0,0.0,0.0,0.0,5.0,20.0,2000.0
3258,Strike radius, Hi-Hi-Hi profile. Cruise at 36k ft. 100nm (50nm+50nm) dash on target at 36k ft and Mil. Weapon release at max range. Form-up 10 min at 2k ft. 5% reserves and 30 minute loiter at 2k ft,10.0,2000.0,36000.0,0,36000.0,0,2.0,2.0,0,0,36000.0,0,36000.0,0,3.0,50.0,50.0,1,0.0,0,0.0,0.0,0.0,0.0,5.0,30.0,2000.0
3261,Strike radius, Hi-Hi-Hi profile. Cruise at 36k ft. 200nm (100nm+100nm) dash on target at 36k ft and Mil. Weapon release at max range. Form-up 10 min at 2k ft. 10% reserves.,10.0,2000.0,36000.0,0,36000.0,0,2.0,2.0,0,0,36000.0,0,36000.0,0,3.0,100.0,100.0,1,0.0,0,0.0,0.0,0.0,0.0,10.0,0.0,0.0
3262,Strike radius, Hi-Hi-Hi profile. Cruise at 36k ft. 200nm (100nm+100nm) dash on target at 36k ft and Mil. Weapon release at max range. Form-up 10 min at 2k ft. 5% reserves and 20 minute loiter at 2k ft,10.0,2000.0,36000.0,0,36000.0,0,2.0,2.0,0,0,36000.0,0,36000.0,0,3.0,100.0,100.0,1,0.0,0,0.0,0.0,0.0,0.0,5.0,20.0,2000.0
3263,Strike radius, Hi-Hi-Hi profile. Cruise at 36k ft. 200nm (100nm+100nm) dash on target at 36k ft and Mil. Weapon release at max range. Form-up 10 min at 2k ft. 5% reserves and 30 minute loiter at 2k ft,10.0,2000.0,36000.0,0,36000.0,0,2.0,2.0,0,0,36000.0,0,36000.0,0,3.0,100.0,100.0,1,0.0,0,0.0,0.0,0.0,0.0,5.0,30.0,2000.0
3266,Strike radius, Hi-Hi-Hi profile. Cruise at 36k ft. 200nm (100nm+100nm) dash on target at 36k ft and AB. Weapon release at max range. Form-up 10 min at 2k ft.10% reserves.,10.0,2000.0,36000.0,0,36000.0,0,2.0,2.0,0,0,36000.0,0,36000.0,0,4.0,100.0,100.0,1,0.0,0,0.0,0.0,0.0,0.0,10.0,0.0,0.0
3267,Strike radius, Hi-Hi-Hi profile. Cruise at 36k ft. 200nm (100nm+100nm) dash on target at 36k ft and AB. Weapon release at max range. Form-up 10 min at 2k ft. 5% reserves and 20 minute loiter at 2k ft,10.0,2000.0,36000.0,0,36000.0,0,2.0,2.0,0,0,36000.0,0,36000.0,0,4.0,100.0,100.0,1,0.0,0,0.0,0.0,0.0,0.0,5.0,20.0,2000.0
3271,Strike radius, Hi-Hi-Hi profile. Cruise at 50k ft. 200nm (100nm+100nm) dash on target at 50k ft and Mil. Weapon release at max range. Form-up 10 min at 2k ft. 10% reserves.,10.0,2000.0,50000.0,0,50000.0,0,2.0,2.0,0,0,50000.0,0,50000.0,0,3.0,100.0,100.0,1,0.0,0,0.0,0.0,0.0,0.0,10.0,0.0,0.0
3272,Strike radius, Hi-Hi-Hi profile. Cruise at 50k ft. 200nm (100nm+100nm) dash on target at 50k ft and Mil. Weapon release at max range. Form-up 10 min at 2k ft. 5% reserves and 20 minute loiter at 2k ft,10.0,2000.0,50000.0,0,50000.0,0,2.0,2.0,0,0,50000.0,0,50000.0,0,3.0,100.0,100.0,1,0.0,0,0.0,0.0,0.0,0.0,5.0,20.0,2000.0
3273,Strike radius, Hi-Hi-Hi profile. Cruise at 50k ft. 200nm (100nm+100nm) dash on target at 50k ft and Mil. Weapon release at max range. Form-up 10 min at 2k ft. 5% reserves and 30 minute loiter at 2k ft,10.0,2000.0,50000.0,0,50000.0,0,2.0,2.0,0,0,50000.0,0,50000.0,0,3.0,100.0,100.0,1,0.0,0,0.0,0.0,0.0,0.0,5.0,30.0,2000.0
3274,Strike radius, Hi-Hi-Hi profile. Cruise at 55k ft. 200nm (100nm+100nm) dash on target at 55k ft and Mil. Weapon release at max range. Form-up 10 min at 2k ft. 10% reserves.,10.0,2000.0,55000.0,0,55000.0,0,2.0,2.0,0,0,55000.0,0,55000.0,0,3.0,100.0,100.0,1,0.0,0,0.0,0.0,0.0,0.0,10.0,0.0,0.0
3275,Strike radius, Hi-Hi-Hi profile. Cruise at 55k ft. 200nm (100nm+100nm) dash on target at 55k ft and Mil. Weapon release at max range. Form-up 10 min at 2k ft. 5% reserves and 20 minute loiter at 2k ft,10.0,2000.0,55000.0,0,55000.0,0,2.0,2.0,0,0,55000.0,0,55000.0,0,3.0,100.0,100.0,1,0.0,0,0.0,0.0,0.0,0.0,5.0,20.0,2000.0
3276,Strike radius, Hi-Hi-Hi profile. Cruise at 55k ft. 200nm (100nm+100nm) dash on target at 55k ft and Mil. Weapon release at max range. Form-up 10 min at 2k ft. 5% reserves and 30 minute loiter at 2k ft,10.0,2000.0,55000.0,0,55000.0,0,2.0,2.0,0,0,55000.0,0,55000.0,0,3.0,100.0,100.0,1,0.0,0,0.0,0.0,0.0,0.0,5.0,30.0,2000.0
3281,Strike radius, Hi-Hi-Hi profile. Cruise at 50k ft. 200nm (100nm+100nm) dash on target at 36k ft and Mil. Weapon release at max range. Form-up 10 min at 2k ft. 10% reserves.,10.0,2000.0,50000.0,0,50000.0,0,2.0,2.0,0,0,36000.0,0,36000.0,0,3.0,100.0,100.0,1,0.0,0,0.0,0.0,0.0,0.0,10.0,0.0,0.0
3282,Strike radius, Hi-Hi-Hi profile. Cruise at 50k ft. 200nm (100nm+100nm) dash on target at 36k ft and Mil. Weapon release at max range. Form-up 10 min at 2k ft. 5% reserves and 20 minute loiter at 2k ft,10.0,2000.0,50000.0,0,50000.0,0,2.0,2.0,0,0,36000.0,0,36000.0,0,3.0,100.0,100.0,1,0.0,0,0.0,0.0,0.0,0.0,5.0,20.0,2000.0
3283,Strike radius, Hi-Hi-Hi profile. Cruise at 50k ft. 200nm (100nm+100nm) dash on target at 36k ft and Mil. Weapon release at max range. Form-up 10 min at 2k ft. 5% reserves and 30 minute loiter at 2k ft,10.0,2000.0,50000.0,0,50000.0,0,2.0,2.0,0,0,36000.0,0,36000.0,0,3.0,100.0,100.0,1,0.0,0,0.0,0.0,0.0,0.0,5.0,30.0,2000.0
3299,Strike radius, Lo-Lo-Hi profile. Ingress Cruise at SL. 10nm dash on target at SL and AB. Egress Cruise at 40k ft. Weapon release at max range. 5% reserves. (F-16A profile, Operation Opera),0.0,0.0,0.0,1,40000.0,0,1.0,1.0,0,0,40000.0,0,0.0,1,4.0,10.0,0.0,1,0.0,0,0.0,0.0,0.0,0.0,5.0,0.0,0.0
3301,Strike radius, VHi-VHi-VHi profile. Cruise at 60k ft. 200nm (100nm+100nm) dash on target at 60k ft and AB. Weapon release at max range. Form-up 10 min at 2k ft. 10% reserves. (MiG-25R profile),10.0,2000.0,60000.0,0,60000.0,0,2.0,2.0,0,0,60000.0,0,60000.0,0,4.0,100.0,100.0,1,0.0,0,0.0,0.0,0.0,0.0,10.0,0.0,0.0
3401,BAI/CAS Patrol radius. Transit at 1.5k ft, on-station patrol at 1.5k ft. No form-up time. 10% reserves.,0.0,0.0,1500.0,1,1500.0,1,2.0,2.0,0,0,0.0,0,0.0,0,0.0,0.0,0.0,0,1500.0,1,2.0,0.0,0.0,0.0,10.0,0.0,0.0
4001,Offensive ECM radius. Cruise at optimum altitude and speed. No form-up time. 10% reserves.,0.0,0.0,0.0,0,0.0,0,2.0,2.0,0,1,0.0,0,0.0,0,0.0,0.0,0.0,0,0.0,0,0.0,0.0,0.0,0.0,10.0,0.0,0.0
4002,Offensive ECM radius. Cruise at optimum altitude and speed. No form-up time. 5% reserves and 20 minute loiter at 2k ft,0.0,0.0,0.0,0,0.0,0,2.0,2.0,0,1,0.0,0,0.0,0,0.0,0.0,0.0,0,0.0,0,0.0,0.0,0.0,0.0,5.0,20.0,2000.0
4003,Offensive ECM radius. Cruise at optimum altitude and speed. No form-up time. 5% reserves and 30 minute loiter at 2k ft,0.0,0.0,0.0,0,0.0,0,2.0,2.0,0,1,0.0,0,0.0,0,0.0,0.0,0.0,0,0.0,0,0.0,0.0,0.0,0.0,5.0,30.0,2000.0
4006,Chaff Dispensing radius. Cruise at optimum altitude and speed. No form-up time. 10% reserves.,0.0,0.0,0.0,0,0.0,0,2.0,2.0,0,1,0.0,0,0.0,0,0.0,0.0,0.0,0,0.0,0,0.0,0.0,0.0,0.0,10.0,0.0,0.0
4011,Airborne Early Warning (AEW) radius. Cruise at optimum altitude and speed. No form-up time. 10% reserves.,0.0,0.0,0.0,0,0.0,0,2.0,2.0,0,1,0.0,0,0.0,0,0.0,0.0,0.0,0,0.0,0,0.0,0.0,0.0,0.0,10.0,0.0,0.0
4012,Airborne Early Warning (AEW) radius. Cruise at optimum altitude and speed. No form-up time. 5% reserves and 20 minute loiter at 2k ft,0.0,0.0,0.0,0,0.0,0,2.0,2.0,0,1,0.0,0,0.0,0,0.0,0.0,0.0,0,0.0,0,0.0,0.0,0.0,0.0,5.0,20.0,2000.0
4013,Airborne Early Warning (AEW) radius. Cruise at optimum altitude and speed. No form-up time. 5% reserves and 30 minute loiter at 2k ft,0.0,0.0,0.0,0,0.0,0,2.0,2.0,0,1,0.0,0,0.0,0,0.0,0.0,0.0,0,0.0,0,0.0,0.0,0.0,0.0,5.0,30.0,2000.0
4016,Airborne Command Post (ACP) radius. Cruise at optimum altitude and speed. No form-up time. 10% reserves.,0.0,0.0,0.0,0,0.0,0,2.0,2.0,0,1,0.0,0,0.0,0,0.0,0.0,0.0,0,0.0,0,0.0,0.0,0.0,0.0,10.0,0.0,0.0
4017,Airborne Command Post (ACP) radius. Cruise at optimum altitude and speed. No form-up time. 5% reserves and 20 minute loiter at 2k ft,0.0,0.0,0.0,0,0.0,0,2.0,2.0,0,1,0.0,0,0.0,0,0.0,0.0,0.0,0,0.0,0,0.0,0.0,0.0,0.0,5.0,20.0,2000.0
4018,Airborne Command Post (ACP) radius. Cruise at optimum altitude and speed. No form-up time. 5% reserves and 30 minute loiter at 2k ft,0.0,0.0,0.0,0,0.0,0,2.0,2.0,0,1,0.0,0,0.0,0,0.0,0.0,0.0,0,0.0,0,0.0,0.0,0.0,0.0,5.0,30.0,2000.0
4201,Mine Sweep / Reconnaissance radius. Transit at 1.5k ft, on-station patrol at 250ft and loiter speed. No form-up time. 10% reserves.,0.0,0.0,1500.0,0,1500.0,0,2.0,2.0,0,0,0.0,0,0.0,0,0.0,0.0,0.0,0,250.0,0,1.0,0.0,0.0,0.0,10.0,0.0,0.0
6001,ASW Patrol. Transit at 1.5k ft, on-station patrol at 1k ft. No form-up time. 10% reserves.,0.0,0.0,1500.0,0,1500.0,0,2.0,2.0,0,0,0.0,0,0.0,0,0.0,0.0,0.0,0,1000.0,0,1.0,0.0,0.0,0.0,10.0,0.0,0.0
6002,ASW Patrol. Transit at 1.5k ft, on-station patrol at 1k ft. No form-up time. 5% reserves and 20 minute loiter at 2k ft,0.0,0.0,1500.0,0,1500.0,0,2.0,2.0,0,0,0.0,0,0.0,0,0.0,0.0,0.0,0,1000.0,0,1.0,0.0,0.0,0.0,5.0,20.0,2000.0
6003,ASW Patrol. Transit at 1.5k ft, on-station patrol at 1k ft. No form-up time. 5% reserves and 30 minute loiter at 2k ft,0.0,0.0,1500.0,0,1500.0,0,2.0,2.0,0,0,0.0,0,0.0,0,0.0,0.0,0.0,0,1000.0,0,1.0,0.0,0.0,0.0,5.0,30.0,2000.0
6006,ASW Patrol. Transit at 15k ft, on-station patrol at 1k ft. No form-up time. 10% reserves.,0.0,0.0,15000.0,0,15000.0,0,2.0,2.0,0,0,0.0,0,0.0,0,0.0,0.0,0.0,0,1000.0,0,1.0,0.0,0.0,0.0,10.0,0.0,0.0
6007,ASW Patrol. Transit at 15k ft, on-station patrol at 1k ft. No form-up time. 5% reserves and 20 minute loiter at 2k ft,0.0,0.0,15000.0,0,15000.0,0,2.0,2.0,0,0,0.0,0,0.0,0,0.0,0.0,0.0,0,1000.0,0,1.0,0.0,0.0,0.0,5.0,20.0,2000.0
6008,ASW Patrol. Transit at 15k ft, on-station patrol at 1k ft. No form-up time. 5% reserves and 30 minute loiter at 2k ft,0.0,0.0,15000.0,0,15000.0,0,2.0,2.0,0,0,0.0,0,0.0,0,0.0,0.0,0.0,0,1000.0,0,1.0,0.0,0.0,0.0,5.0,30.0,2000.0
6011,ASW Patrol. Transit at 25k ft, on-station patrol at 1k ft. No form-up time. 10% reserves.,0.0,0.0,25000.0,0,25000.0,0,2.0,2.0,0,0,0.0,0,0.0,0,0.0,0.0,0.0,0,1000.0,0,1.0,0.0,0.0,0.0,10.0,0.0,0.0
6012,ASW Patrol. Transit at 25k ft, on-station patrol at 1k ft. No form-up time. 5% reserves and 20 minute loiter at 2k ft,0.0,0.0,25000.0,0,25000.0,0,2.0,2.0,0,0,0.0,0,0.0,0,0.0,0.0,0.0,0,1000.0,0,1.0,0.0,0.0,0.0,5.0,20.0,2000.0
6013,ASW Patrol. Transit at 25k ft, on-station patrol at 1k ft. No form-up time. 5% reserves and 30 minute loiter at 2k ft,0.0,0.0,25000.0,0,25000.0,0,2.0,2.0,0,0,0.0,0,0.0,0,0.0,0.0,0.0,0,1000.0,0,1.0,0.0,0.0,0.0,5.0,30.0,2000.0
6016,ASW Patrol. Transit at 36k ft, on-station patrol at 1k ft. No form-up time. 10% reserves.,0.0,0.0,36000.0,0,36000.0,0,2.0,2.0,0,0,0.0,0,0.0,0,0.0,0.0,0.0,0,1000.0,0,1.0,0.0,0.0,0.0,10.0,0.0,0.0
6017,ASW Patrol. Transit at 36k ft, on-station patrol at 1k ft. No form-up time. 5% reserves and 20 minute loiter at 2k ft,0.0,0.0,36000.0,0,36000.0,0,2.0,2.0,0,0,0.0,0,0.0,0,0.0,0.0,0.0,0,1000.0,0,1.0,0.0,0.0,0.0,5.0,20.0,2000.0
6018,ASW Patrol. Transit at 36k ft, on-station patrol at 1k ft. No form-up time. 5% reserves and 30 minute loiter at 2k ft,0.0,0.0,36000.0,0,36000.0,0,2.0,2.0,0,0,0.0,0,0.0,0,0.0,0.0,0.0,0,1000.0,0,1.0,0.0,0.0,0.0,5.0,30.0,2000.0
6019,ASW Patrol. Transit at 36k ft, on-station patrol at 36k ft. No form-up time. 10% reserves.,0.0,0.0,36000.0,0,36000.0,0,2.0,2.0,0,0,0.0,0,0.0,0,0.0,0.0,0.0,0,36000.0,0,1.0,0.0,0.0,0.0,10.0,0.0,0.0
6020,ASW Patrol. Transit at 36k ft, on-station patrol at 36k ft. No form-up time. 5% reserves and 20 minute loiter at 2k ft,0.0,0.0,36000.0,0,36000.0,0,2.0,2.0,0,0,0.0,0,0.0,0,0.0,0.0,0.0,0,36000.0,0,1.0,0.0,0.0,0.0,5.0,20.0,2000.0
6021,ASW Patrol. Transit at 36k ft, on-station patrol at 36k ft. No form-up time. 5% reserves and 30 minute loiter at 2k ft,0.0,0.0,36000.0,0,36000.0,0,2.0,2.0,0,0,0.0,0,0.0,0,0.0,0.0,0.0,0,36000.0,0,1.0,0.0,0.0,0.0,5.0,30.0,2000.0
6101,Maritime Surveillance radius. Cruise at 1.5k ft. No form-up time. 10% reserves.,0.0,0.0,1500.0,0,1500.0,0,2.0,2.0,0,0,0.0,0,0.0,0,0.0,0.0,0.0,0,1000.0,0,2.0,0.0,0.0,0.0,10.0,0.0,0.0
6102,Maritime Surveillance radius. Cruise at 1.5k ft. No form-up time. 5% reserves and 20 minute loiter at 2k ft,0.0,0.0,1500.0,0,1500.0,0,2.0,2.0,0,0,0.0,0,0.0,0,0.0,0.0,0.0,0,1000.0,0,2.0,0.0,0.0,0.0,5.0,20.0,2000.0
6103,Maritime Surveillance radius. Cruise at 1.5k ft. No form-up time. 5% reserves and 30 minute loiter at 2k ft,0.0,0.0,1500.0,0,1500.0,0,2.0,2.0,0,0,0.0,0,0.0,0,0.0,0.0,0.0,0,1000.0,0,2.0,0.0,0.0,0.0,5.0,30.0,2000.0
6111,Maritime Surveillance radius. Cruise at optimum altitude and speed. No form-up time. 10% reserves.,0.0,0.0,0.0,0,0.0,0,2.0,2.0,0,1,0.0,0,0.0,0,0.0,0.0,0.0,0,0.0,0,0.0,0.0,0.0,0.0,10.0,0.0,0.0
6112,Maritime Surveillance radius. Cruise at optimum altitude and speed. No form-up time. 5% reserves and 20 minute loiter at 2k ft,0.0,0.0,0.0,0,0.0,0,2.0,2.0,0,1,0.0,0,0.0,0,0.0,0.0,0.0,0,0.0,0,0.0,0.0,0.0,0.0,5.0,20.0,2000.0
6113,Maritime Surveillance radius. Cruise at optimum altitude and speed. No form-up time. 5% reserves and 30 minute loiter at 2k ft,0.0,0.0,0.0,0,0.0,0,2.0,2.0,0,1,0.0,0,0.0,0,0.0,0.0,0.0,0,0.0,0,0.0,0.0,0.0,0.0,5.0,30.0,2000.0
6114,Maritime Surveillance radius. Transit at optimum altitude and speed, on-station patrol at 1.5k ft. No form-up time. 10% reserves.,0.0,0.0,0.0,0,0.0,0,2.0,2.0,0,1,0.0,0,0.0,0,0.0,0.0,0.0,0,1500.0,0,1.0,0.0,0.0,0.0,10.0,0.0,0.0
6115,Maritime Surveillance radius. Transit at optimum altitude and speed, on-station patrol at 1.5k ft. No form-up time. 5% reserves and 20 minute loiter at 2k ft,0.0,0.0,0.0,0,0.0,0,2.0,2.0,0,1,0.0,0,0.0,0,0.0,0.0,0.0,0,1500.0,0,1.0,0.0,0.0,0.0,5.0,20.0,2000.0
6116,Maritime Surveillance radius. Transit at optimum altitude and speed, on-station patrol at 1.5k ft. No form-up time. 5% reserves and 30 minute loiter at 2k ft,0.0,0.0,0.0,0,0.0,0,2.0,2.0,0,1,0.0,0,0.0,0,0.0,0.0,0.0,0,1500.0,0,1.0,0.0,0.0,0.0,5.0,30.0,2000.0
6201,Search And Rescue (SAR) radius. Cruise at 1k ft. No form-up time. 10% reserves.,0.0,0.0,1000.0,0,1000.0,0,2.0,2.0,0,0,0.0,0,0.0,0,0.0,0.0,0.0,0,1000.0,0,2.0,0.0,0.0,0.0,10.0,0.0,0.0
6202,Search And Rescue (SAR) radius. Cruise at 1k ft. No form-up time. 5% reserves and 20 minute loiter at 2k ft,0.0,0.0,1000.0,0,1000.0,0,2.0,2.0,0,0,0.0,0,0.0,0,0.0,0.0,0.0,0,1000.0,0,2.0,0.0,0.0,0.0,5.0,20.0,2000.0
6203,Search And Rescue (SAR) radius. Cruise at 1k ft. No form-up time. 5% reserves and 30 minute loiter at 2k ft,0.0,0.0,1000.0,0,1000.0,0,2.0,2.0,0,0,0.0,0,0.0,0,0.0,0.0,0.0,0,1000.0,0,2.0,0.0,0.0,0.0,5.0,30.0,2000.0
7001,TALD Employment radius. Cruise at 36k ft. Weapon release at max range. Form-up 10 min at 2k ft. 10% reserves.,10.0,2000.0,36000.0,0,36000.0,0,2.0,2.0,0,0,0.0,0,0.0,0,0.0,0.0,0.0,1,0.0,0,0.0,0.0,0.0,0.0,10.0,0.0,0.0
7002,TALD Employment radius. Cruise at 36k ft. Weapon release at max range. Form-up 10 min at 2k ft. 5% reserves and 20 minute loiter at 2k ft,10.0,2000.0,36000.0,0,36000.0,0,2.0,2.0,0,0,0.0,0,0.0,0,0.0,0.0,0.0,1,0.0,0,0.0,0.0,0.0,0.0,5.0,20.0,2000.0
7101,Recon radius, Lo-Lo-Lo profile. Cruise at 1k ft. No form-up time. Cruise at 1k ft. 10% reserves.,0.0,0.0,1000.0,1,1000.0,1,2.0,2.0,0,0,0.0,0,0.0,0,0.0,0.0,0.0,0,0.0,0,0.0,0.0,0.0,0.0,10.0,0.0,0.0
7102,Recon radius, Lo-Lo-Lo profile. Cruise at 1k ft. No form-up time. Cruise at 1k ft. 5% reserves and 20 minute loiter at 2k ft,0.0,0.0,1000.0,1,1000.0,1,2.0,2.0,0,0,0.0,0,0.0,0,0.0,0.0,0.0,0,0.0,0,0.0,0.0,0.0,0.0,5.0,20.0,2000.0
7111,Recon radius, Med-Med-Med profile. Cruise at 12k ft. No form-up time. Cruise at 12k ft. 10% reserves.,0.0,0.0,12000.0,0,12000.0,0,2.0,2.0,0,0,0.0,0,0.0,0,0.0,0.0,0.0,0,0.0,0,0.0,0.0,0.0,0.0,10.0,0.0,0.0
7112,Recon radius, Med-Med-Med profile. Cruise at 12k ft. No form-up time. Cruise at 12k ft. 5% reserves and 20 minute loiter at 2k ft,0.0,0.0,12000.0,0,12000.0,0,2.0,2.0,0,0,0.0,0,0.0,0,0.0,0.0,0.0,0,0.0,0,0.0,0.0,0.0,0.0,5.0,20.0,2000.0
7131,Recon radius, Hi-Hi-Hi profile. Cruise at 25k ft. No form-up time. Cruise at 25k ft. 10% reserves.,0.0,0.0,25000.0,0,25000.0,0,2.0,2.0,0,0,0.0,0,0.0,0,0.0,0.0,0.0,0,0.0,0,0.0,0.0,0.0,0.0,10.0,0.0,0.0
7132,Recon radius, Hi-Hi-Hi profile. Cruise at 25k ft. No form-up time. Cruise at 25k ft. 5% reserves and 20 minute loiter at 2k ft,0.0,0.0,25000.0,0,25000.0,0,2.0,2.0,0,0,0.0,0,0.0,0,0.0,0.0,0.0,0,0.0,0,0.0,0.0,0.0,0.0,5.0,20.0,2000.0
7136,Recon radius, Hi-Hi-Hi profile. Cruise at 36k ft. No form-up time. Cruise at 36k ft. 10% reserves.,0.0,0.0,36000.0,0,36000.0,0,2.0,2.0,0,0,0.0,0,0.0,0,0.0,0.0,0.0,0,0.0,0,0.0,0.0,0.0,0.0,10.0,0.0,0.0
7137,Recon radius, Hi-Hi-Hi profile. Cruise at 36k ft. No form-up time. Cruise at 36k ft. 5% reserves and 20 minute loiter at 2k ft,0.0,0.0,36000.0,0,36000.0,0,2.0,2.0,0,0,0.0,0,0.0,0,0.0,0.0,0.0,0,0.0,0,0.0,0.0,0.0,0.0,5.0,20.0,2000.0
7139,Recon radius, Hi-Hi-Hi profile. Cruise at 36k ft. No form-up time. Cruise at 36k ft. 5% reserves and 10 minute loiter at 2k ft,0.0,0.0,36000.0,0,36000.0,0,2.0,2.0,0,0,0.0,0,0.0,0,0.0,0.0,0.0,0,0.0,0,0.0,0.0,0.0,0.0,5.0,10.0,2000.0
7141,Recon radius, Hi-Hi-Hi profile. Cruise at 60k ft. No form-up time. Cruise at 60k ft. 10% reserves.,0.0,0.0,60000.0,0,60000.0,0,2.0,2.0,0,0,0.0,0,0.0,0,0.0,0.0,0.0,0,0.0,0,0.0,0.0,0.0,0.0,10.0,0.0,0.0
7146,Recon radius, Hi-Hi-Hi profile. Cruise at 85k ft. No form-up time. Cruise at 85k ft. 10% reserves.,0.0,0.0,85000.0,0,85000.0,0,2.0,2.0,0,0,0.0,0,0.0,0,0.0,0.0,0.0,0,0.0,0,0.0,0.0,0.0,0.0,10.0,0.0,0.0
7191,Recon radius. Cruise at optimum altitude and speed. No form-up time. 10% reserves.,0.0,0.0,0.0,0,0.0,0,2.0,2.0,0,1,0.0,0,0.0,0,0.0,0.0,0.0,0,0.0,0,0.0,0.0,0.0,0.0,10.0,0.0,0.0
7221,Area Surveillance radius. Cruise at optimum altitude and speed. No form-up time. 10% reserves.,0.0,0.0,0.0,0,0.0,0,2.0,2.0,0,1,0.0,0,0.0,0,0.0,0.0,0.0,0,0.0,0,0.0,0.0,0.0,0.0,10.0,0.0,0.0
7222,Area Surveillance radius. Cruise at optimum altitude and speed. No form-up time. 5% reserves and 20 minute loiter at 2k ft,0.0,0.0,0.0,0,0.0,0,2.0,2.0,0,1,0.0,0,0.0,0,0.0,0.0,0.0,0,0.0,0,0.0,0.0,0.0,0.0,5.0,20.0,2000.0
7223,Area Surveillance radius. Cruise at optimum altitude and speed. No form-up time. 5% reserves and 30 minute loiter at 2k ft,0.0,0.0,0.0,0,0.0,0,2.0,2.0,0,1,0.0,0,0.0,0,0.0,0.0,0.0,0,0.0,0,0.0,0.0,0.0,0.0,5.0,30.0,2000.0
8001,Transport, one-way distance. Cruise at optimum altitude and speed. No form-up time. 10% reserves.,0.0,0.0,0.0,0,0.0,0,2.0,2.0,1,1,0.0,0,0.0,0,0.0,0.0,0.0,0,0.0,0,0.0,0.0,0.0,0.0,10.0,0.0,0.0
8002,Transport, one-way distance. Cruise at optimum altitude and speed. No form-up time. 5% reserves and 20 minute loiter at 2k ft,0.0,0.0,0.0,0,0.0,0,2.0,2.0,1,1,0.0,0,0.0,0,0.0,0.0,0.0,0,0.0,0,0.0,0.0,0.0,0.0,5.0,20.0,2000.0
8003,Transport, one-way distance. Cruise at optimum altitude and speed. No form-up time. 5% reserves and 30 minute loiter at 2k ft,0.0,0.0,0.0,0,0.0,0,2.0,2.0,1,1,0.0,0,0.0,0,0.0,0.0,0.0,0,0.0,0,0.0,0.0,0.0,0.0,5.0,30.0,2000.0
8004,Transport, one-way distance. Cruise at optimum altitude and AB. No form-up time. 10% reserves.,0.0,0.0,0.0,0,0.0,0,4.0,4.0,1,1,0.0,0,0.0,0,0.0,0.0,0.0,0,0.0,0,0.0,0.0,0.0,0.0,10.0,0.0,0.0
8011,Tactical Delivery (Transport) radius. Cruise at SL. Unload cargo at max range. No form-up time. 10% reserves.,10.0,2000.0,200.0,1,200.0,1,2.0,2.0,0,0,0.0,0,0.0,0,0.0,0.0,0.0,1,0.0,0,0.0,0.0,0.0,0.0,10.0,0.0,0.0
8012,Tactical Delivery (Transport) radius. Cruise at SL. Unload cargo at max range. No form-up time. 5% reserves and 20 minute loiter at 2k ft,10.0,2000.0,200.0,1,200.0,1,2.0,2.0,0,0,0.0,0,0.0,0,0.0,0.0,0.0,1,0.0,0,0.0,0.0,0.0,0.0,5.0,20.0,2000.0
8013,Tactical Delivery (Transport) radius. Cruise at SL. Unload cargo at max range. No form-up time. 5% reserves and 30 minute loiter at 2k ft,10.0,2000.0,200.0,1,200.0,1,2.0,2.0,0,0,0.0,0,0.0,0,0.0,0.0,0.0,1,0.0,0,0.0,0.0,0.0,0.0,5.0,30.0,2000.0
8016,Tactical Delivery (Transport) radius. Cruise at optimum altitude and speed. Unload cargo at max range. No form-up time. 10% reserves.,10.0,2000.0,0.0,0,0.0,0,2.0,2.0,0,1,0.0,0,0.0,0,0.0,0.0,0.0,1,0.0,0,0.0,0.0,0.0,0.0,10.0,0.0,0.0
8017,Tactical Delivery (Transport) radius. Cruise at optimum altitude and speed. Unload cargo at max range. No form-up time. 5% reserves and 20 minute loiter at 2k ft,10.0,2000.0,0.0,0,0.0,0,2.0,2.0,0,1,0.0,0,0.0,0,0.0,0.0,0.0,1,0.0,0,0.0,0.0,0.0,0.0,5.0,20.0,2000.0
8018,Tactical Delivery (Transport) radius. Cruise at optimum altitude and speed. Unload cargo at max range. No form-up time. 5% reserves and 30 minute loiter at 2k ft,10.0,2000.0,0.0,0,0.0,0,2.0,2.0,0,1,0.0,0,0.0,0,0.0,0.0,0.0,1,0.0,0,0.0,0.0,0.0,0.0,5.0,30.0,2000.0
8101,Tanker Mission radius. Cruise at optimum altitude and speed. No form-up time. 10% reserves.,0.0,0.0,0.0,0,0.0,0,2.0,2.0,0,1,0.0,0,0.0,0,0.0,0.0,0.0,0,0.0,0,0.0,0.0,0.0,0.0,10.0,0.0,0.0
8102,Tanker Mission radius. Cruise at optimum altitude and speed. No form-up time. 5% reserves and 20 minute loiter at 2k ft,0.0,0.0,0.0,0,0.0,0,2.0,2.0,0,1,0.0,0,0.0,0,0.0,0.0,0.0,0,0.0,0,0.0,0.0,0.0,0.0,5.0,20.0,2000.0
8103,Tanker Mission radius. Cruise at optimum altitude and speed. No form-up time. 5% reserves and 30 minute loiter at 2k ft,0.0,0.0,0.0,0,0.0,0,2.0,2.0,0,1,0.0,0,0.0,0,0.0,0.0,0.0,0,0.0,0,0.0,0.0,0.0,0.0,5.0,30.0,2000.0
8201,Training Mission radius. Cruise at optimum altitude and speed. No form-up time. 10% reserves.,0.0,0.0,0.0,0,0.0,0,2.0,2.0,0,1,0.0,0,0.0,0,0.0,0.0,0.0,0,0.0,0,0.0,0.0,0.0,0.0,10.0,0.0,0.0
8301,Target Tow Mission radius. Cruise at optimum altitude and speed. No form-up time. 10% reserves.,0.0,0.0,0.0,0,0.0,0,2.0,2.0,0,1,0.0,0,0.0,0,0.0,0.0,0.0,0,0.0,0,0.0,0.0,0.0,0.0,10.0,0.0,0.0
8306,Target Drone Mission radius. Cruise at optimum altitude and speed. No form-up time. 10% reserves.,0.0,0.0,0.0,0,0.0,0,2.0,2.0,0,1,0.0,0,0.0,0,0.0,0.0,0.0,0,0.0,0,0.0,0.0,0.0,0.0,10.0,0.0,0.0
8901,Mission radius. Cruise at optimum altitude and speed. No form-up time. 10% reserves.,0.0,0.0,0.0,0,0.0,0,2.0,2.0,0,1,0.0,0,0.0,0,0.0,0.0,0.0,0,0.0,0,0.0,0.0,0.0,0.0,10.0,0.0,0.0
8902,Mission radius. Cruise at optimum altitude and speed. No form-up time. 5% reserves and 20 minute loiter at 2k ft,0.0,0.0,0.0,0,0.0,0,2.0,2.0,0,1,0.0,0,0.0,0,0.0,0.0,0.0,0,0.0,0,0.0,0.0,0.0,0.0,5.0,20.0,2000.0
8903,Mission radius. Cruise at optimum altitude and speed. No form-up time. 5% reserves and 30 minute loiter at 2k ft,0.0,0.0,0.0,0,0.0,0,2.0,2.0,0,1,0.0,0,0.0,0,0.0,0.0,0.0,0,0.0,0,0.0,0.0,0.0,0.0,5.0,30.0,2000.0
8904,Mission radius. Cruise at optimum altitude and speed. No form-up time. 5% reserves and 10 minute loiter at 2k ft,0.0,0.0,0.0,0,0.0,0,2.0,2.0,0,1,0.0,0,0.0,0,0.0,0.0,0.0,0,0.0,0,0.0,0.0,0.0,0.0,5.0,10.0,2000.0
9001,Ferry Range. Cruise at optimum altitude and speed. No form-up time. 10% reserves.,0.0,0.0,0.0,0,0.0,0,2.0,2.0,0,1,0.0,0,0.0,0,0.0,0.0,0.0,0,0.0,0,0.0,0.0,0.0,0.0,10.0,0.0,0.0
9002,Ferry Range. Cruise at optimum altitude and speed. No form-up time. 5% reserves and 20 minute loiter at 2k ft,0.0,0.0,0.0,0,0.0,0,2.0,2.0,0,1,0.0,0,0.0,0,0.0,0.0,0.0,0,0.0,0,0.0,0.0,0.0,0.0,5.0,20.0,2000.0
9003,Ferry Range. Cruise at optimum altitude and speed. No form-up time. 5% reserves and 30 minute loiter at 2k ft,0.0,0.0,0.0,0,0.0,0,2.0,2.0,0,1,0.0,0,0.0,0,0.0,0.0,0.0,0,0.0,0,0.0,0.0,0.0,0.0,5.0,30.0,2000.0
9004,Ferry Range. Cruise at optimum altitude and speed. No form-up time. 5% reserves and 10 minute loiter at 2k ft,0.0,0.0,0.0,0,0.0,0,2.0,2.0,0,1,0.0,0,0.0,0,0.0,0.0,0.0,0,0.0,0,0.0,0.0,0.0,0.0,5.0,10.0,2000.0
